Workbook

Sheet 圆融安享日开7天28天系列
A1: 交银国信·圆融安享汇益固收稳健系列信托计划 历史到期产品收益情况
A3: 产品名称 | B3: 下一开放日 | C3: 开放频率 | D3: 7天年化收益率 | E3: 28日年化收益率
A4: 交银国信·圆融安享汇益固收稳健日开1号 | B4: / | C4: 每日 | D4: 0.01802675 | E4: 0.018429896 | F4: =INDEX($A4:$A12,MATCH(LARGE($E4:$E12,1),$E4:$E12,0)) -> 交银国信·圆融安享汇益固收稳健日开8号 | G4: =INDEX([1]表一求年化率!$N:$N,MATCH($A4&"组合投资集合资金信托计划",[1]表一求年化率!$A:$A,0)) -> 0.01802675 | H4: =INDEX([1]表一求年化率!$M:$M,MATCH($A4&"组合投资集合资金信托计划",[1]表一求年化率!$A:$A,0)) -> 0.018429896 | I4: =G4=D4 -> TRUE | J4: =H4=E4 -> TRUE
A5: 交银国信·圆融安享汇益固收稳健日开2号 | B5: / | D5: 0.018099027 | E5: 0.018167935 | G5: =INDEX([1]表一求年化率!$N:$N,MATCH($A5&"组合投资集合资金信托计划",[1]表一求年化率!$A:$A,0)) -> 0.018099027 | H5: =INDEX([1]表一求年化率!$M:$M,MATCH($A5&"组合投资集合资金信托计划",[1]表一求年化率!$A:$A,0)) -> 0.018167935 | I5: =G5=D5 -> TRUE | J5: =H5=E5 -> TRUE
A6: 交银国信·圆融安享汇益固收稳健日开3号 | B6: / | D6: 0.018540934 | E6: 0.018202794 | G6: =INDEX([1]表一求年化率!$N:$N,MATCH($A6&"组合投资集合资金信托计划",[1]表一求年化率!$A:$A,0)) -> 0.018540934 | H6: =INDEX([1]表一求年化率!$M:$M,MATCH($A6&"组合投资集合资金信托计划",[1]表一求年化率!$A:$A,0)) -> 0.018202794 | I6: =G6=D6 -> TRUE | J6: =H6=E6 -> TRUE
A7: 交银国信·圆融安享汇益固收稳健日开4号 | B7: / | D7: 0.018273282 | E7: 0.018455782 | G7: =INDEX([1]表一求年化率!$N:$N,MATCH($A7&"组合投资集合资金信托计划",[1]表一求年化率!$A:$A,0)) -> 0.018273282 | H7: =INDEX([1]表一求年化率!$M:$M,MATCH($A7&"组合投资集合资金信托计划",[1]表一求年化率!$A:$A,0)) -> 0.018455782 | I7: =G7=D7 -> TRUE | J7: =H7=E7 -> TRUE
A8: 交银国信·圆融安享汇益固收稳健日开5号 | B8: / | D8: 0.018413652 | E8: 0.018474709 | G8: =INDEX([1]表一求年化率!$N:$N,MATCH($A8&"组合投资集合资金信托计划",[1]表一求年化率!$A:$A,0)) -> 0.018413652 | H8: =INDEX([1]表一求年化率!$M:$M,MATCH($A8&"组合投资集合资金信托计划",[1]表一求年化率!$A:$A,0)) -> 0.018474709 | I8: =G8=D8 -> TRUE | J8: =H8=E8 -> TRUE
A9: 交银国信·圆融安享汇益固收稳健日开6号 | B9: / | D9: 0.018157533 | E9: 0.017820881 | G9: =INDEX([1]表一求年化率!$N:$N,MATCH($A9&"组合投资集合资金信托计划",[1]表一求年化率!$A:$A,0)) -> 0.018157533 | H9: =INDEX([1]表一求年化率!$M:$M,MATCH($A9&"组合投资集合资金信托计划",[1]表一求年化率!$A:$A,0)) -> 0.017820881 | I9: =G9=D9 -> TRUE | J9: =H9=E9 -> TRUE
A10: 交银国信·圆融安享汇益固收稳健日开7号 | B10: / | D10: 0.018116024 | E10: 0.018479061 | G10: =INDEX([1]表一求年化率!$N:$N,MATCH($A10&"组合投资集合资金信托计划",[1]表一求年化率!$A:$A,0)) -> 0.018116024 | H10: =INDEX([1]表一求年化率!$M:$M,MATCH($A10&"组合投资集合资金信托计划",[1]表一求年化率!$A:$A,0)) -> 0.018479061 | I10: =G10=D10 -> TRUE | J10: =H10=E10 -> TRUE
A11: 交银国信·圆融安享汇益固收稳健日开8号 | B11: / | D11: 0.018759873 | E11: 0.01871286 | G11: =INDEX([1]表一求年化率!$N:$N,MATCH($A11&"组合投资集合资金信托计划",[1]表一求年化率!$A:$A,0)) -> 0.018759873 | H11: =INDEX([1]表一求年化率!$M:$M,MATCH($A11&"组合投资集合资金信托计划",[1]表一求年化率!$A:$A,0)) -> 0.01871286 | I11: =G11=D11 -> TRUE | J11: =H11=E11 -> TRUE
A12: 交银国信·圆融安享汇益固收稳健日开9号 | B12: / | D12: 0.01824154 | E12: 0.018235254 | G12: =INDEX([1]表一求年化率!$N:$N,MATCH($A12&"组合投资集合资金信托计划",[1]表一求年化率!$A:$A,0)) -> 0.01824154 | H12: =INDEX([1]表一求年化率!$M:$M,MATCH($A12&"组合投资集合资金信托计划",[1]表一求年化率!$A:$A,0)) -> 0.018235254 | I12: =G12=D12 -> TRUE | J12: =H12=E12 -> TRUE
A14: 产品名称 | B14: 下一开放日 | C14: 开放频率 | D14: 7天年化收益率 | E14: 28日年化收益率
A15: 交银国信·圆融安享汇益固收稳健7天1号 | B15: 46155 | C15: 每周 | D15: 0.019400937 | E15: 0.019659948 | F15: =INDEX($A15:$A17,MATCH(LARGE($D15:$D17,1),$D15:$D17,0)) -> 交银国信·圆融安享汇益固收稳健7天2号 | G15: =INDEX([1]表一求年化率!$N:$N,MATCH($A15&"组合投资集合资金信托计划",[1]表一求年化率!$A:$A,0)) -> 0.019400937 | H15: =INDEX([1]表一求年化率!$M:$M,MATCH($A15&"组合投资集合资金信托计划",[1]表一求年化率!$A:$A,0)) -> 0.019659948 | I15: =G15=D15 -> TRUE | J15: =H15=E15 -> TRUE
A16: 交银国信·圆融安享汇益固收稳健7天2号 | B16: 46155 | D16: 0.020227092 | E16: 0.020109272 | F16: =B15+7 -> 46162 | G16: =INDEX([1]表一求年化率!$N:$N,MATCH($A16&"组合投资集合资金信托计划",[1]表一求年化率!$A:$A,0)) -> 0.020227092 | H16: =INDEX([1]表一求年化率!$M:$M,MATCH($A16&"组合投资集合资金信托计划",[1]表一求年化率!$A:$A,0)) -> 0.020109272 | I16: =G16=D16 -> TRUE | J16: =H16=E16 -> TRUE
A17: 交银国信·圆融安享汇益固收稳健7天3号 | B17: 46155 | D17: 0.019426525 | E17: 0.019853159 | G17: =INDEX([1]表一求年化率!$N:$N,MATCH($A17&"组合投资集合资金信托计划",[1]表一求年化率!$A:$A,0)) -> 0.019426525 | H17: =INDEX([1]表一求年化率!$M:$M,MATCH($A17&"组合投资集合资金信托计划",[1]表一求年化率!$A:$A,0)) -> 0.019853159 | I17: =G17=D17 -> TRUE | J17: =H17=E17 -> TRUE
A19: 产品名称 | B19: 下一开放日 | C19: 开放频率 | D19: 7天年化收益率 | E19: 28日年化收益率 | F19: =B20+28 -> 46197
A20: 交银国信·圆融安享汇益固收稳健28天1号 | B20: 46169 | C20: 每4周 | D20: 0.020597487 | E20: 0.020862107 | F20: =INDEX($A20:$A20,MATCH(LARGE($E20:$E20,1),$E20:$E20,0)) -> 交银国信·圆融安享汇益固收稳健28天1号 | G20: =INDEX([1]表一求年化率!$N:$N,MATCH($A20&"组合投资集合资金信托计划",[1]表一求年化率!$A:$A,0)) -> 0.020597487 | H20: =INDEX([1]表一求年化率!$M:$M,MATCH($A20&"组合投资集合资金信托计划",[1]表一求年化率!$A:$A,0)) -> 0.020862107 | I20: =G20=D20 -> TRUE | J20: =H20=E20 -> TRUE
A21: *表中数据来源于托管人复核的产品净值数据，数据截至2026-5-7，仅供参考，产品有风险，投资需谨慎
A22: 广 告 风险提示:本产品由交银国际信托有限公司发行与管理，交通银行股份有限公司作为代销机构不承担产品的投资、兑付和风险管理责任； *请您认真阅读信托合同、产品说明书、风险申明书等法律文件，根据风险承受能力选择合适的产品； *信托计划不承诺保证本金不受损失或最低收益，过往业绩并不预示其未来表现，产品发行人管理的其他产品的业绩并不构成未来产品业绩表现的保证； *下表中信托产品的代销机构风险评级为3R-平衡型，该类产品的风险中等，所投资金存在一定亏损风险，收益或利益浮动且有一定波动。
D26: ·
